RANK,PLAYER,PLAYER,POS,TEAM,BYE,CMP,ATT,CMP%,Y/A,PassingYDS,PassingTD,PassingINT,RushingAttempts,RushingYDS,RushingY/A,RushingTD,ReceivingTargets,ReceivingREC,ReceivingYDS,ReceivingY/R,ReceivingTD,Interceptions,FumbleRecoveries,Sacks,DefensiveTD,PointsAgainst,FPTS
1,Patrick Mahomes,Patrick Mahomes,QB,KC,12,442,660,66.9,7.7,5077,39.5,10.1,55,283,5.2,2.6,,0,0,,0,,,,,,384.8
2,Josh Allen,Josh Allen,QB,BUF,7,405,605,66.9,7.8,4701,32.1,12.1,102,459,4.5,6.7,,0,5,,0.2,,,,,,380
3,Kyler Murray,Kyler Murray,QB,ARI,12,390,582,67.1,7.3,4244,27,12.7,109,626,5.8,6.7,,0,0,,0,,,,,,355.2
4,Lamar Jackson,Lamar Jackson,QB,BAL,8,282,432,65.3,7.4,3198,25.8,8.9,151,963,6.4,6.4,,0,0,,0,,,,,,348
5,Russell Wilson,Russell Wilson,QB,SEA,9,406,588,68.9,7.6,4456,35.1,11.9,72,401,5.6,1.5,,0,5,,0.1,,,,,,345.1
6,Dak Prescott,Dak Prescott,QB,DAL,7,405,605,67,7.9,4759,30.2,12.9,50,206,4.1,3.4,,1,5,,0.6,,,,,,330.5
7,Justin Herbert,Justin Herbert,QB,LAC,7,416,626,66.4,7.4,4614,30.9,11.5,52,247,4.8,3,,0,0,,0,,,,,,327.9
8,Aaron Rodgers,Aaron Rodgers,QB,GB,13,388,568,68.4,7.7,4359,34,9.1,38,143,3.8,1.7,,0,0,,0,,,,,,316.7
9,Jalen Hurts,Jalen Hurts,QB,PHI,14,298,497,60,7.2,3602,21.6,11.6,130,704,5.4,5.7,,1,8,,0.2,,,,,,313.8
10,Tom Brady,Tom Brady,QB,TB,9,406,625,65,7.4,4630,34.4,12.8,27,7,0.3,1.6,,0,0,,0,,,,,,307.5
11,Matthew Stafford,Matthew Stafford,QB,LAR,11,407,624,65.3,7.4,4633,28.8,12.2,28,93,3.4,1.8,,0,0,,0,,,,,,296.2
12,Matt Ryan,Matt Ryan,QB,ATL,6,405,613,66.1,7.4,4514,26.6,12.1,38,133,3.5,2.2,,0,0,,0,,,,,,289.3
13,Ryan Tannehill,Ryan Tannehill,QB,TEN,13,342,529,64.7,7.6,3998,26.3,11.6,43,210,4.9,4.1,,1,8,,0.1,,,,,,288.9
14,Trevor Lawrence,Trevor Lawrence,QB,JAC,7,353,571,61.8,7.1,4073,24.1,14.8,59,316,5.3,3.5,,0,0,,0,,,,,,282.3
15,Joe Burrow,Joe Burrow,QB,CIN,10,386,588,65.6,7.1,4187,25.5,12,42,182,4.4,2.4,,0,0,,0,,,,,,278.1
16,Kirk Cousins,Kirk Cousins,QB,MIN,7,366,544,67.3,7.8,4255,28.4,13.3,38,123,3.3,1.2,,0,0,,0,,,,,,276.7
17,Trey Lance,Trey Lance,QB,SF,6,246,376,65.5,7.7,2909,18.7,8.8,122,624,5.1,5.7,,1,13,,0.2,,,,,,272.6
18,Christian McCaffrey,Christian McCaffrey,RB,CAR,13,,,,,8,0.1,0,260,1120,4.3,11.3,120,85,646,7.6,4,,,,,,269.2
19,Baker Mayfield,Baker Mayfield,QB,CLE,13,345,547,63,7.2,3942,27.3,12.8,47,159,3.4,1.9,,0,4,,0,,,,,,269
20,Tua Tagovailoa,Tua Tagovailoa,QB,MIA,14,357,550,64.8,7.3,3999,23.6,11.6,54,178,3.3,2.6,,1,9,,0.2,,,,,,266.7
21,Dalvin Cook,Dalvin Cook,RB,MIN,7,,,,,0,0,0,288,1386,4.8,13.4,64,50,426,8.5,0.8,,,,,,266.4
22,Jameis Winston,Jameis Winston,QB,NO,6,340,508,66.8,7.5,3828,25.6,12.7,48,192,4,2.1,,0,0,,0,,,,,,262
23,Mac Jones,Mac Jones,QB,NE,14,372,587,63.4,7.2,4248,24.1,13.2,36,100,2.8,1.9,,0,0,,0,,,,,,261.3
24,Daniel Jones,Daniel Jones,QB,NYG,10,342,541,63.2,6.8,3692,23,11.1,56,326,5.8,1.6,,0,0,,0,,,,,,259.7
25,Justin Fields,Justin Fields,QB,CHI,10,275,445,61.8,6.8,3017,18.5,9.9,94,510,5.4,4,,0,8,,0.1,,,,,,251.3
26,Derrick Henry,Derrick Henry,RB,TEN,13,,,,,4,0.1,0,324,1497,4.6,13.6,33,21,157,7.4,0.6,,,,,,251.2
27,Ryan Fitzpatrick,Ryan Fitzpatrick,QB,WAS,9,348,554,62.8,7,3855,24,14.8,30,149,5,1.6,,0,0,,0,,,,,,245.1
28,Derek Carr,Derek Carr,QB,LV,8,319,480,66.4,7.9,3797,22.7,8.9,24,90,3.7,1.7,,0,0,,0,,,,,,244.1
29,Ben Roethlisberger,Ben Roethlisberger,QB,PIT,7,375,565,66.3,6.9,3920,26.7,11.5,17,11,0.7,0.3,,0,0,,0,,,,,,243.5
30,Carson Wentz,Carson Wentz,QB,IND,14,308,492,62.5,6.9,3373,22.3,12,52,266,5.1,2.4,,0,0,,0,,,,,,241.1
31,Alvin Kamara,Alvin Kamara,RB,NO,6,,,,,13,0.1,0,197,914,4.6,9.5,109,79,688,8.7,3.1,,,,,,236.7
32,Zach Wilson,Zach Wilson,QB,NYJ,6,329,544,60.4,6.7,3623,19.1,15.1,60,273,4.5,2.9,,0,0,,0,,,,,,235.8
33,Nick Chubb,Nick Chubb,RB,CLE,13,,,,,0,0,0,266,1295,4.9,11.5,36,28,201,7.3,1.1,,,,,,225.2
34,Sam Darnold,Sam Darnold,QB,CAR,13,336,539,62.3,6.7,3621,19.9,14.6,41,155,3.7,2.2,,0,0,,0,,,,,,223.9
35,Teddy Bridgewater,Teddy Bridgewater,QB,DEN,11,304,487,62.5,7,3430,20,11.9,40,164,4.1,2.1,,0,0,,0,,,,,,222.4
36,Jared Goff,Jared Goff,QB,DET,9,328,534,61.4,6.6,3545,21.5,14.7,55,140,2.5,1.1,,0,0,,0,,,,,,219
37,Jonathan Taylor,Jonathan Taylor,RB,IND,14,,,,,0,0,0,259,1239,4.8,10.6,44,32,246,7.8,0.9,,,,,,217.6
38,Tyreek Hill,Tyreek Hill,WR,KC,12,,,,,0,0,0,12,86,6.9,1,149,93,1251,13.5,12,,,,,,211.7
39,Saquon Barkley,Saquon Barkley,RB,NYG,10,,,,,0,0,0,244,1065,4.4,9.1,70,51,380,7.5,1.5,,,,,,208
40,Aaron Jones,Aaron Jones,RB,GB,13,,,,,0,0,0,203,973,4.8,7.3,80,60,472,7.8,3,,,,,,206.3
41,Tyrod Taylor,Tyrod Taylor,QB,HOU,10,259,422,61.5,6.5,2742,16.2,11,75,351,4.7,2.7,,1,11,,0.2,,,,,,206
42,Joe Mixon,Joe Mixon,RB,CIN,10,,,,,0,0,0,253,1067,4.2,8.1,57,47,351,7.4,2.4,,,,,,204.8
43,Stefon Diggs,Stefon Diggs,WR,BUF,7,,,,,15,0.3,0,1,7,5.5,0.1,162,110,1406,12.8,9.5,,,,,,200.7
44,Davante Adams,Davante Adams,WR,GB,13,,,,,0,0,0,1,6,6.8,0,157,106,1311,12.4,11.4,,,,,,200.1
45,Ezekiel Elliott,Ezekiel Elliott,RB,DAL,7,,,,,0,0,0,248,985,4,8.2,72,55,394,7.2,2.1,,,,,,199.8
46,Antonio Gibson,Antonio Gibson,RB,WAS,9,,,,,0,0,0,221,958,4.3,8.1,69,45,364,8.1,2,,,,,,192.8
47,Calvin Ridley,Calvin Ridley,WR,ATL,6,,,,,0,0,0,2,10,5.8,0.1,159,104,1365,13.1,8.9,,,,,,191.6
48,James Robinson,James Robinson,RB,JAC,7,,,,,0,0,0,232,987,4.3,7.6,61,46,354,7.7,1.7,,,,,,189.9
49,DK Metcalf,DK Metcalf,WR,SEA,9,,,,,0,0,0,2,12,7,0,150,97,1297,13.3,9.3,,,,,,186.7
50,Najee Harris,Najee Harris,RB,PIT,7,,,,,17,0.3,0,224,1037,4.6,8.2,43,33,240,7.2,1.3,,,,,,186.6
51,Travis Kelce,Travis Kelce,TE,KC,12,,,,,11,0.4,0,1,4,2.8,0.3,151,105,1261,12,9.1,,,,,,184.9
52,Josh Jacobs,Josh Jacobs,RB,LV,8,,,,,0,0,0,265,1101,4.2,9.3,34,20,157,7.8,0.3,,,,,,183.4
53,Justin Jefferson,Justin Jefferson,WR,MIN,7,,,,,0,0,0,4,37,8.8,0.4,136,93,1291,13.9,7.6,,,,,,180.8
54,David Montgomery,David Montgomery,RB,CHI,10,,,,,4,0.1,0,242,1033,4.3,8.2,34,26,198,7.7,0.9,,,,,,178.2
55,A.J. Brown,A.J. Brown,WR,TEN,13,,,,,13,0.1,0,4,32,7.3,0.5,140,88,1195,13.6,8.4,,,,,,177
56,DeAndre Hopkins,DeAndre Hopkins,WR,ARI,12,,,,,4,0.1,0,1,9,6.1,0,158,106,1293,12.2,7.5,,,,,,175.8
57,Miles Sanders,Miles Sanders,RB,PHI,14,,,,,0,0,0,210,916,4.4,7.5,54,33,285,8.7,1.2,,,,,,172.3
57,D'Andre Swift,D'Andre Swift,RB,DET,9,,,,,0,0,0,200,911,4.6,5.8,70,46,350,7.6,1.9,,,,,,172.3
59,Austin Ekeler,Austin Ekeler,RB,LAC,7,,,,,0,0,0,163,681,4.2,4.5,94,72,573,7.9,3.2,,,,,,171.6
60,Clyde Edwards-Helaire,Clyde Edwards-Helaire,RB,KC,12,,,,,0,0,0,189,826,4.4,5.9,64,46,360,7.8,2.8,,,,,,170.8
61,CeeDee Lamb,CeeDee Lamb,WR,DAL,7,,,,,0,0,0,5,43,8.2,0.6,128,85,1192,14,6.9,,,,,,168.6
62,Keenan Allen,Keenan Allen,WR,LAC,7,,,,,0,0,0,2,11,6.1,0,158,106,1217,11.5,7.6,,,,,,168.4
63,Robert Woods,Robert Woods,WR,LAR,11,,,,,0,0,0,16,85,5.1,0.8,153,97,1169,12.1,6.1,,,,,,166.8
64,Cooper Kupp,Cooper Kupp,WR,LAR,11,,,,,0,0,0,2,7,4.1,0.1,140,92,1125,12.2,8.4,,,,,,164.2
65,Damien Harris,Damien Harris,RB,NE,14,,,,,9,0.1,0,215,962,4.5,8.6,24,15,126,8.2,0.5,,,,,,164.1
66,Gus Edwards,Gus Edwards,RB,BAL,8,,,,,0,0,0,205,972,4.7,7.7,24,19,150,7.9,0.9,,,,,,163.8
67,Darren Waller,Darren Waller,TE,LV,8,,,,,0,0,0,1,6,6.4,0,140,96,1186,12.3,7,,,,,,161.2
68,Amari Cooper,Amari Cooper,WR,DAL,7,,,,,15,0.5,0,3,9,2.9,0.1,130,84,1132,13.4,7.2,,,,,,160.5
69,Terry McLaurin,Terry McLaurin,WR,WAS,9,,,,,8,0.1,0,2,11,5.2,0.1,128,78,1103,14.2,7.2,,,,,,156
70,Mike Evans,Mike Evans,WR,TB,9,,,,,0,0,0,1,7,8.1,0.1,121,79,1002,12.6,8.9,,,,,,155
71,Chris Carson,Chris Carson,RB,SEA,9,,,,,0,0,0,187,854,4.6,5.3,45,36,256,7.1,1.9,,,,,,154.2
72,Chris Godwin,Chris Godwin,WR,TB,9,,,,,0,0,0,1,9,7,0.2,121,84,1066,12.7,7.1,,,,,,151.3
73,Julio Jones,Julio Jones,WR,TEN,13,,,,,0,0,0,0,0,--,0,135,85,1106,13,6.7,,,,,,150.8
74,Brandon Aiyuk,Brandon Aiyuk,WR,SF,6,,,,,0,0,0,3,14,5.3,0.2,127,78,1070,13.7,6.6,,,,,,149.3
75,Tee Higgins,Tee Higgins,WR,CIN,10,,,,,13,0.2,0.1,9,54,6.2,0.4,126,78,999,12.9,6.6,,,,,,148.5
76,Tyler Lockett,Tyler Lockett,WR,SEA,9,,,,,0,0,0,2,10,4.7,0,128,82,1027,12.5,7.4,,,,,,148.1
77,Allen Robinson II,Allen Robinson II,WR,CHI,10,,,,,4,0,0,1,4,4.6,0,143,86,1088,12.6,6.4,,,,,,147.8
78,,Harrison Butker,K,KC,12,,,,,--,--,--,,--,,--,,--,--,,--,,,,,,147.5
78,Javonte Williams,Javonte Williams,RB,DEN,11,,,,,0,0,0,195,857,4.4,6.4,38,25,197,7.9,0.6,,,,,,147.5
80,,Greg Zuerlein,K,DAL,7,,,,,--,--,--,,--,,--,,--,--,,--,,,,,,147.2
81,,Ryan Succop,K,TB,9,,,,,--,--,--,,--,,--,,--,--,,--,,,,,,144.6
81,,Younghoe Koo,K,ATL,6,,,,,--,--,--,,--,,--,,--,--,,--,,,,,,144.6
83,DJ Moore,DJ Moore,WR,CAR,13,,,,,0,0,0,5,23,4.6,0.2,137,83,1068,12.9,5.7,,,,,,144.5
84,,Daniel Carlson,K,LV,8,,,,,--,--,--,,--,,--,,--,--,,--,,,,,,144.2
85,Mike Davis,Mike Davis,RB,ATL,6,,,,,5,0.1,0,193,757,3.9,6.3,41,31,224,7.2,1.1,,,,,,143.1
86,,Jason Sanders,K,MIA,14,,,,,--,--,--,,--,,--,,--,--,,--,,,,,,142
87,Adam Thielen,Adam Thielen,WR,MIN,7,,,,,0,0,0,4,22,5.8,0.3,106,69,892,13,8,,,,,,141.1
88,Melvin Gordon III,Melvin Gordon III,RB,DEN,11,,,,,8,0.2,0,199,823,4.1,6.2,42,28,166,6,0.6,,,,,,140.8
89,Darrell Henderson Jr.,Darrell Henderson Jr.,RB,LAR,11,,,,,0,0,0,161,668,4.2,5.8,50,33,276,8.3,1.9,,,,,,140.6
90,Trey Sermon,Trey Sermon,RB,SF,6,,,,,0,0,0,169,732,4.3,6.1,36,25,205,8.2,1.7,,,,,,140.5
91,,Justin Tucker,K,BAL,8,,,,,--,--,--,,--,,--,,--,--,,--,,,,,,140.3
92,Raheem Mostert,Raheem Mostert,RB,SF,6,,,,,0,0,0,158,683,4.3,5.9,41,30,243,8.2,2,,,,,,140
93,,Tyler Bass,K,BUF,7,,,,,--,--,--,,--,,--,,--,--,,--,,,,,,139.6
94,Kareem Hunt,Kareem Hunt,RB,CLE,13,,,,,0,0,0,124,569,4.6,4.4,65,45,373,8.3,3.1,,,,,,139.2
95,,Greg Joseph,K,MIN,7,,,,,--,--,--,,--,,--,,--,--,,--,,,,,,138.9
96,Chase Claypool,Chase Claypool,WR,PIT,7,,,,,12,0.2,0,9,44,4.7,0.4,103,64,882,13.8,7.1,,,,,,138.8
97,,Robbie Gould,K,SF,6,,,,,--,--,--,,--,,--,,--,--,,--,,,,,,138.2
98,Ja'Marr Chase,Ja'Marr Chase,WR,CIN,10,,,,,0,0,0,10,52,5.2,0.4,122,67,950,14.2,5.9,,,,,,138.1
99,,Tristan Vizcaino,K,LAC,7,,,,,--,--,--,,--,,--,,--,--,,--,,,,,,136.4
100,James Conner,James Conner,RB,ARI,12,,,,,0,0,0,151,620,4.1,7.2,40,30,227,7.6,1.4,,,,,,136.3
101,George Kittle,George Kittle,TE,SF,6,,,,,0,0,0,2,12,5.6,0.1,107,76,1002,13.3,5.7,,,,,,136.2
102,,Tampa Bay Buccaneers,DST,TB,9,,,,,--,--,--,,--,,--,,--,--,,--,14,9.7,49.3,3.3,20.1,136.1
102,,Brandon McManus,K,DEN,11,,,,,--,--,--,,--,,--,,--,--,,--,,,,,,136.1
104,,Matt Prater,K,ARI,12,,,,,--,--,--,,--,,--,,--,--,,--,,,,,,135.9
105,,Jason Myers,K,SEA,9,,,,,--,--,--,,--,,--,,--,--,,--,,,,,,135.6
106,Ronald Jones II,Ronald Jones II,RB,TB,9,,,,,0,0,0,177,813,4.6,6.7,20,16,106,6.7,0.3,,,,,,134
107,,Dustin Hopkins,K,WAS,9,,,,,--,--,--,,--,,--,,--,--,,--,,,,,,133.9
108,,Wil Lutz,K,NO,6,,,,,--,--,--,,--,,--,,--,--,,--,,,,,,132.7
109,,Graham Gano,K,NYG,10,,,,,--,--,--,,--,,--,,--,--,,--,,,,,,132.2
109,Chase Edmonds,Chase Edmonds,RB,ARI,12,,,,,0,0,0,142,579,4.1,5,53,41,329,8.1,1.9,,,,,,132.2
111,,Chris Boswell,K,PIT,7,,,,,--,--,--,,--,,--,,--,--,,--,,,,,,131.7
112,,Rodrigo Blankenship,K,IND,14,,,,,--,--,--,,--,,--,,--,--,,--,,,,,,131.4
113,,Cairo Santos,K,CHI,10,,,,,--,--,--,,--,,--,,--,--,,--,,,,,,131.3
114,Diontae Johnson,Diontae Johnson,WR,PIT,7,,,,,0,0,0,2,13,6,0.1,128,81,902,11.2,6.5,,,,,,131.2
115,,Chase McLaughlin,K,CLE,13,,,,,--,--,--,,--,,--,,--,--,,--,,,,,,130.9
115,,Quinn Nordin,K,NE,14,,,,,--,--,--,,--,,--,,--,--,,--,,,,,,130.9
115,Jerry Jeudy,Jerry Jeudy,WR,DEN,11,,,,,8,0.2,0,2,16,8.4,0.1,109,65,939,14.4,5.6,,,,,,130.9
118,,Denver Broncos,DST,DEN,11,,,,,--,--,--,,--,,--,,--,--,,--,15.3,9.9,47.9,3.1,22,128.9
119,,Mason Crosby,K,GB,13,,,,,--,--,--,,--,,--,,--,--,,--,,,,,,128.8
119,,Ryan Santoso,K,CAR,13,,,,,--,--,--,,--,,--,,--,--,,--,,,,,,128.8
121,,Sam Ficken,K,TEN,13,,,,,--,--,--,,--,,--,,--,--,,--,,,,,,128.1
122,,Matt Gay,K,LAR,11,,,,,--,--,--,,--,,--,,--,--,,--,,,,,,128
123,AJ Dillon,AJ Dillon,RB,GB,13,,,,,0,0,0,145,680,4.7,5,37,28,209,7.3,1.4,,,,,,127.3
124,,Baltimore Ravens,DST,BAL,8,,,,,--,--,--,,--,,--,,--,--,,--,12.7,12.1,40.8,3,20.3,127.2
124,Myles Gaskin,Myles Gaskin,RB,MIA,14,,,,,0,0,0,153,644,4.2,2.7,58,45,364,8.1,1.7,,,,,,127.2
126,Odell Beckham Jr.,Odell Beckham Jr.,WR,CLE,13,,,,,0,0,0,1,7,6.7,0.1,117,68,911,13.3,5.6,,,,,,125.9
126,,Josh Lambo,K,JAC,7,,,,,--,--,--,,--,,--,,--,--,,--,,,,,,125.9
126,,Austin Seibert,K,CIN,10,,,,,--,--,--,,--,,--,,--,--,,--,,,,,,125.9
129,,San Francisco 49ers,DST,SF,6,,,,,--,--,--,,--,,--,,--,--,,--,14.2,11,45.9,2.9,22.1,125.3
130,Kenny Golladay,Kenny Golladay,WR,NYG,10,,,,,28,0.4,0,1,8,5.8,0.2,107,67,863,12.9,5.6,,,,,,124.6
131,,Miami Dolphins,DST,MIA,14,,,,,--,--,--,,--,,--,,--,--,,--,15.4,10.7,42.3,3.6,22.9,124.5
132,,New England Patriots,DST,NE,14,,,,,--,--,--,,--,,--,,--,--,,--,16.6,8.8,39.5,3.1,21.2,124.1
133,Courtland Sutton,Courtland Sutton,WR,DEN,11,,,,,0,0,0,0,0,--,0,99,60,880,14.7,5.9,,,,,,123.4
133,Laviska Shenault Jr.,Laviska Shenault Jr.,WR,JAC,7,,,,,0,0,0,18,92,5,0.6,104,65,776,12,5.5,,,,,,123.4
135,,Washington Football Team,DST,WAS,9,,,,,--,--,--,,--,,--,,--,--,,--,15.6,9.9,46.1,3.1,23.1,123.3
135,Kenyan Drake,Kenyan Drake,RB,LV,8,,,,,9,0.1,0,123,528,4.3,3.6,62,46,397,8.6,1.4,,,,,,123.3
137,Sony Michel,Sony Michel,RB,LAR,11,,,,,0,0,0,164,677,4.1,7,26,17,116,7,0.3,,,,,,123.1
138,,Cleveland Browns,DST,CLE,13,,,,,--,--,--,,--,,--,,--,--,,--,14,12.1,40.1,3.1,22.3,121.7
139,,Matt Ammendola,K,NYJ,6,,,,,--,--,--,,--,,--,,--,--,,--,,,,,,120.9
140,,Seattle Seahawks,DST,SEA,9,,,,,--,--,--,,--,,--,,--,--,,--,14.3,10.5,45.3,3.1,23.2,120.7
141,,Indianapolis Colts,DST,IND,14,,,,,--,--,--,,--,,--,,--,--,,--,14.1,9.6,45.8,3.1,23.2,119
142,,Buffalo Bills,DST,BUF,7,,,,,--,--,--,,--,,--,,--,--,,--,14.3,9.4,42.7,3,22.4,118.5
143,Jarvis Landry,Jarvis Landry,WR,CLE,13,,,,,49,0.5,0.1,3,20,7,0.3,112,69,849,12.3,4.3,,,,,,118.3
144,,Jake Elliott,K,PHI,14,,,,,--,--,--,,--,,--,,--,--,,--,,,,,,118
145,Robby Anderson,Robby Anderson,WR,CAR,13,,,,,0,0,0,8,38,4.5,0.4,125,67,835,12.5,4.7,,,,,,117.9
146,,Pittsburgh Steelers,DST,PIT,7,,,,,--,--,--,,--,,--,,--,--,,--,13.7,7.7,44.5,2.7,21.6,117.1
147,,Los Angeles Rams,DST,LAR,11,,,,,--,--,--,,--,,--,,--,--,,--,13.8,8.8,48.4,2.9,23.7,116.2
148,Curtis Samuel,Curtis Samuel,WR,WAS,9,,,,,0,0,0,22,123,5.7,1,92,55,689,12.4,4.8,,,,,,116
149,Michael Gallup,Michael Gallup,WR,DAL,7,,,,,0,0,0,1,4,4,0,98,57,849,14.9,5.1,,,,,,115.8
150,,Ka'imi Fairbairn,K,HOU,10,,,,,--,--,--,,--,,--,,--,--,,--,,,,,,115.4
151,Deebo Samuel,Deebo Samuel,WR,SF,6,,,,,13,0.3,0,14,66,4.8,0.7,101,65,746,11.6,4.6,,,,,,114.8
152,Henry Ruggs III,Henry Ruggs III,WR,LV,8,,,,,0,0,0,1,6,6.4,0.1,88,52,780,15.1,5.9,,,,,,114.6
153,Leonard Fournette,Leonard Fournette,RB,TB,9,,,,,0,0,0,137,607,4.4,4.4,43,30,223,7.4,0.8,,,,,,114.2
154,Will Fuller V,Will Fuller V,WR,MIA,14,,,,,13,0.3,0,0,0,0,0,100,60,860,14.3,4.4,,,,,,114.1
155,DJ Chark Jr.,DJ Chark Jr.,WR,JAC,7,,,,,0,0,0,0,0,--,0,100,59,852,14.5,4.8,,,,,,114
156,Michael Thomas,Michael Thomas,WR,NO,6,,,,,0,0,0,0,0,--,0,102,71,857,12.1,4.7,,,,,,113.9
157,Tyler Boyd,Tyler Boyd,WR,CIN,10,,,,,0,0,0,4,22,5.2,0.2,114,74,817,11.1,4.7,,,,,,113.3
157,Mecole Hardman,Mecole Hardman,WR,KC,12,,,,,0,0,0,6,41,7.1,0,95,61,816,13.4,4.6,,,,,,113.3
159,,Randy Bullock,K,DET,9,,,,,--,--,--,,--,,--,,--,--,,--,,,,,,113.1
160,Brandin Cooks,Brandin Cooks,WR,HOU,10,,,,,14,0.2,0,1,6,6.1,0,123,73,845,11.6,4.4,,,,,,112.8
161,Devonta Smith,Devonta Smith,WR,PHI,14,,,,,11,0.3,0,3,14,4.6,0.2,98,56,790,14,4.9,,,,,,112.7
162,,Arizona Cardinals,DST,ARI,12,,,,,--,--,--,,--,,--,,--,--,,--,11.3,10.4,53.6,2.9,25.5,112.4
163,Michael Pittman Jr.,Michael Pittman Jr.,WR,IND,14,,,,,0,0,0,1,4,4.5,0,100,58,788,13.6,5.5,,,,,,112.3
164,Marvin Jones Jr.,Marvin Jones Jr.,WR,JAC,7,,,,,0,0,0,0,0,--,0,103,58,831,14.3,4.8,,,,,,111.9
164,Corey Davis,Corey Davis,WR,NYJ,6,,,,,0,0,0,2,9,5.2,0.1,109,60,828,13.8,4.6,,,,,,111.9
166,Marquise Brown,Marquise Brown,WR,BAL,8,,,,,0,0,0,1,8,7.7,0,91,54,752,13.8,5.9,,,,,,111.5
167,Jamaal Williams,Jamaal Williams,RB,DET,9,,,,,0,0,0,133,558,4.2,4.1,44,31,239,7.8,1.2,,,,,,111.4
168,Darnell Mooney,Darnell Mooney,WR,CHI,10,,,,,0,0,0,5,31,6,0.2,100,60,775,13,4.9,,,,,,111.1
169,Bryan Edwards,Bryan Edwards,WR,LV,8,,,,,0,0,0,2,21,9.3,0.3,83,54,775,14.4,4.9,,,,,,110.9
169,T.J. Hockenson,T.J. Hockenson,TE,DET,9,,,,,0,0,0,0,0,0,0,114,68,760,11.2,5.8,,,,,,110.9
171,Antonio Brown,Antonio Brown,WR,TB,9,,,,,0,0,0,1,7,8.1,0.2,95,56,741,13.1,5.8,,,,,,110.8
172,JuJu Smith-Schuster,JuJu Smith-Schuster,WR,PIT,7,,,,,0,0,0,1,4,4.2,0.1,118,73,778,10.7,5.3,,,,,,110.6
173,,Philadelphia Eagles,DST,PHI,14,,,,,--,--,--,,--,,--,,--,--,,--,14.5,9.1,42.3,3,24.3,110.3
174,Devin Singletary,Devin Singletary,RB,BUF,7,,,,,0,0,0,145,602,4.2,2.8,50,39,249,6.4,1.3,,,,,,109.8
175,Mark Andrews,Mark Andrews,TE,BAL,8,,,,,0,0,0,0,0,--,0,90,58,701,12.1,6.6,,,,,,109.7
176,Zack Moss,Zack Moss,RB,BUF,7,,,,,0,0,0,131,512,3.9,5.1,32,25,214,8.6,1,,,,,,109.2
177,,New Orleans Saints,DST,NO,6,,,,,--,--,--,,--,,--,,--,--,,--,13.8,8.5,38,2.8,22.8,108.2
178,Kyle Pitts,Kyle Pitts,TE,ATL,6,,,,,0,0,0,0,0,--,0,87,57,733,12.8,5.8,,,,,,108.1
179,,New York Giants,DST,NYG,10,,,,,--,--,--,,--,,--,,--,--,,--,12.2,10.4,43.7,3,24.8,107.7
180,,Green Bay Packers,DST,GB,13,,,,,--,--,--,,--,,--,,--,--,,--,10.6,8.6,45.7,2,22.2,107.3
181,,Kansas City Chiefs,DST,KC,12,,,,,--,--,--,,--,,--,,--,--,,--,14.5,7.6,35.4,2.7,22.4,106.2
182,Cole Beasley,Cole Beasley,WR,BUF,7,,,,,0,0,0,1,4,3.9,0.1,104,70,798,11.3,4.2,,,,,,105.9
183,,Chicago Bears,DST,CHI,10,,,,,--,--,--,,--,,--,,--,--,,--,13.9,9.4,38.4,3.1,24.6,105.2
184,Nelson Agholor,Nelson Agholor,WR,NE,14,,,,,14,0.3,0,6,37,6.4,0.2,96,57,790,13.8,2.9,,,,,,103.1
185,Mike Williams,Mike Williams,WR,LAC,7,,,,,0,0,0,2,4,2,0,83,44,697,15.8,5.4,,,,,,102.4
186,,New York Jets,DST,NYJ,6,,,,,--,--,--,,--,,--,,--,--,,--,14.2,8.7,40.4,2.9,25.8,100.4
187,Rhamondre Stevenson,Rhamondre Stevenson,RB,NE,14,,,,,0,0,0,92,419,4.5,4.1,42,28,251,8.9,1.4,,,,,,100
188,Jaylen Waddle,Jaylen Waddle,WR,MIA,14,,,,,0,0,0,12,57,4.9,0.5,98,61,680,11.2,3.8,,,,,,99.5
189,Marquez Callaway,Marquez Callaway,WR,NO,6,,,,,0,0,0,3,25,7.5,0,88,51,710,14,4.3,,,,,,99.3
190,,Tennessee Titans,DST,TEN,13,,,,,--,--,--,,--,,--,,--,--,,--,13.7,8.4,32,2.8,23.6,98.6
191,Elijah Moore,Elijah Moore,WR,NYJ,6,,,,,0,0,0,6,46,7.3,0.2,103,56,684,12.2,4,,,,,,98.1
192,,Minnesota Vikings,DST,MIN,7,,,,,--,--,--,,--,,--,,--,--,,--,13.9,8.5,33.9,2.8,24.4,97.9
193,Taysom Hill,Taysom Hill,QB,NO,6,44,72,61.3,6.8,489,2.1,1.2,60,273,4.5,3.2,,12,143,,1.9,,,,,,97.7
194,,Carolina Panthers,DST,CAR,13,,,,,--,--,--,,--,,--,,--,--,,--,10.9,10.8,35.7,3,24.9,97.5
195,Michael Carter,Michael Carter,RB,NYJ,6,,,,,0,0,0,136,553,4.1,3.1,40,26,198,7.5,0.6,,,,,,97.2
196,,Dallas Cowboys,DST,DAL,7,,,,,--,--,--,,--,,--,,--,--,,--,12.5,10,37.3,3.2,26.1,97.1
197,Phillip Lindsay,Phillip Lindsay,RB,HOU,10,,,,,0,0,0,142,571,4,3.6,28,19,137,7.2,0.7,,,,,,96.6
197,Tony Pollard,Tony Pollard,RB,DAL,7,,,,,0,0,0,116,490,4.2,3.9,37,25,182,7.2,1,,,,,,96.6
199,Kendrick Bourne,Kendrick Bourne,WR,NE,14,,,,,0,0,0,12,71,6.1,0.3,79,45,602,13.4,4.3,,,,,,94.9
200,Nyheim Hines,Nyheim Hines,RB,IND,14,,,,,0,0,0,87,365,4.2,1.9,62,50,366,7.3,1.7,,,,,,94.7
201,,Los Angeles Chargers,DST,LAC,7,,,,,--,--,--,,--,,--,,--,--,,--,14.6,8.2,34.4,2.9,25.7,94.6
201,Salvon Ahmed,Salvon Ahmed,RB,MIA,14,,,,,0,0,0,120,518,4.3,4.4,20,18,140,7.6,0.4,,,,,,94.6
203,Gabriel Davis,Gabriel Davis,WR,BUF,7,,,,,0,0,0,3,18,5.9,0.3,72,43,633,14.7,4.6,,,,,,94.5
204,Tyler Higbee,Tyler Higbee,TE,LAR,11,,,,,0,0,0,1,4,4.4,0.3,88,59,660,11.1,4.3,,,,,,93.9
205,Logan Thomas,Logan Thomas,TE,WAS,9,,,,,13,0.1,0,0,0,--,0,87,53,579,11,5.8,,,,,,93.6
206,,Atlanta Falcons,DST,ATL,6,,,,,--,--,--,,--,,--,,--,--,,--,11.5,9.5,34.2,2.9,25.1,93.2
207,Russell Gage,Russell Gage,WR,ATL,6,,,,,0,0,0,2,14,6.3,0.1,85,56,685,12.3,3.7,,,,,,92.7
208,DeVante Parker,DeVante Parker,WR,MIA,14,,,,,0,0,0,3,18,5.8,0.1,93,55,680,12.3,3.7,,,,,,92.6
209,Tyrell Williams,Tyrell Williams,WR,DET,9,,,,,0,0,0,1,4,4,0,89,50,690,13.7,3.8,,,,,,92.1
210,Jakobi Meyers,Jakobi Meyers,WR,NE,14,,,,,0,0,0,3,20,7.3,0.2,91,57,705,12.4,3,,,,,,91.7
211,Allen Lazard,Allen Lazard,WR,GB,13,,,,,0,0,0,3,18,7,0,71,41,649,15.7,4.1,,,,,,91.3
212,Sterling Shepard,Sterling Shepard,WR,NYG,10,,,,,0,0,0,3,17,5.7,0.3,88,55,599,10.9,4.6,,,,,,91.1
213,Alexander Mattison,Alexander Mattison,RB,MIN,7,,,,,0,0,0,109,510,4.7,3.6,24,18,155,8.5,0.4,,,,,,90.6
214,Tevin Coleman,Tevin Coleman,RB,NYJ,6,,,,,0,0,0,119,479,4,3.6,34,24,175,7.1,0.5,,,,,,89.9
215,Dallas Goedert,Dallas Goedert,TE,PHI,14,,,,,0,0,0,0,0,--,0,96,57,676,11.9,3.6,,,,,,89.2
216,,Jacksonville Jaguars,DST,JAC,7,,,,,--,--,--,,--,,--,,--,--,,--,14.7,8,30.8,3,26.3,89
217,Emmanuel Sanders,Emmanuel Sanders,WR,BUF,7,,,,,0,0,0,0,0,--,0,79,50,628,12.7,4.2,,,,,,88
218,Rashaad Penny,Rashaad Penny,RB,SEA,9,,,,,0,0,0,105,457,4.3,3.7,28,21,146,6.9,0.9,,,,,,87.9
219,Noah Fant,Noah Fant,TE,DEN,11,,,,,0,0,0,1,0,0,0,90,59,643,11,3.9,,,,,,87.7
220,Jonnu Smith,Jonnu Smith,TE,NE,14,,,,,0,0,0,0,0,--,0,75,52,602,11.7,4.5,,,,,,87.2
221,Terrace Marshall Jr.,Terrace Marshall Jr.,WR,CAR,13,,,,,0,0,0,13,57,4.5,0.7,75,47,610,13,2.7,,,,,,87.1
222,David Johnson,David Johnson,RB,HOU,10,,,,,0,0,0,102,402,3.9,2.7,41,28,225,8.1,1.3,,,,,,86.7
222,Hunter Henry,Hunter Henry,TE,NE,14,,,,,0,0,0,0,0,--,0,82,50,597,11.9,4.5,,,,,,86.7
224,Rondale Moore,Rondale Moore,WR,ARI,12,,,,,0,0,0,14,71,5.1,0.6,74,48,542,11.3,3.6,,,,,,86.5
225,Robert Tonyan,Robert Tonyan,TE,GB,13,,,,,0,0,0,0,0,--,0,66,49,540,11.1,5.4,,,,,,86.4
226,Mike Gesicki,Mike Gesicki,TE,MIA,14,,,,,0,0,0,0,0,--,0,74,45,574,12.7,4.6,,,,,,85
226,Darrel Williams,Darrel Williams,RB,KC,12,,,,,0,0,0,86,358,4.1,3.2,41,31,228,7.4,1.2,,,,,,85
226,Quintez Cephus,Quintez Cephus,WR,DET,9,,,,,0,0,0,1,2,1.4,0,85,47,626,13.4,3.7,,,,,,85
229,Josh Palmer,Josh Palmer,WR,LAC,7,,,,,0,0,0,3,7,2.7,0.1,77,42,596,14.1,3.9,,,,,,84.4
230,Justin Jackson,Justin Jackson,RB,LAC,7,,,,,0,0,0,104,405,3.9,3.9,28,20,143,7.2,0.9,,,,,,83.6
231,J.D. McKissic,J.D. McKissic,RB,WAS,9,,,,,0,0,0,64,255,4,1.5,73,50,376,7.5,1.8,,,,,,82.9
232,Evan Engram,Evan Engram,TE,NYG,10,,,,,0,0,0,2,8,3.6,0.2,88,52,643,12.4,2.7,,,,,,82.5
232,Tre'quan Smith,Tre'quan Smith,WR,NO,6,,,,,0,0,0,2,15,7.8,0,76,46,606,13.3,3.4,,,,,,82.5
234,James White,James White,RB,NE,14,,,,,0,0,0,39,163,4.2,1.1,70,49,404,8.3,3.1,,,,,,81.9
234,Austin Hooper,Austin Hooper,TE,CLE,13,,,,,0,0,0,0,0,--,0,81,50,513,10.2,5.1,,,,,,81.9
236,Kadarius Toney,Kadarius Toney,WR,NYG,10,,,,,0,0,0,9,46,4.9,0.6,74,44,524,11.8,3.5,,,,,,81.5
237,Jimmy Garoppolo,Jimmy Garoppolo,QB,SF,6,116,171,67.7,7.9,1344,8.9,5.6,10,19,2,0.2,,0,0,,0,,,,,,81.2
238,Rob Gronkowski,Rob Gronkowski,TE,TB,9,,,,,0,0,0,0,0,--,0,68,44,518,11.7,4.7,,,,,,80
239,Sammy Watkins,Sammy Watkins,WR,BAL,8,,,,,0,0,0,0,0,--,0,76,46,530,11.5,4.4,,,,,,79.4
239,Demarcus Robinson,Demarcus Robinson,WR,KC,12,,,,,0,0,0,0,0,--,0,66,41,488,11.9,5.1,,,,,,79.4
239,Christian Kirk,Christian Kirk,WR,ARI,12,,,,,0,0,0,2,13,6.7,0,75,47,596,12.6,3.1,,,,,,79.4
242,Jamison Crowder,Jamison Crowder,WR,NYJ,6,,,,,11,0.2,0,2,14,5.6,0.2,87,51,585,11.4,2.8,,,,,,79.2
242,Ty'Son Williams,Ty'Son Williams,RB,BAL,8,,,,,0,0,0,94,433,4.6,3.2,23,17,137,8.1,0.5,,,,,,79.2
244,Malcolm Brown,Malcolm Brown,RB,MIA,14,,,,,0,0,0,88,325,3.7,3.4,37,25,197,7.8,1,,,,,,78.6
245,Zach Ertz,Zach Ertz,TE,PHI,14,,,,,0,0,0,0,0,--,0,61,41,532,12.9,4.2,,,,,,78.4
246,,Detroit Lions,DST,DET,9,,,,,--,--,--,,--,,--,,--,--,,--,11.4,7.4,30.5,2.7,26.5,78.3
247,Carlos Hyde,Carlos Hyde,RB,JAC,7,,,,,0,0,0,115,439,3.8,3.1,20,14,105,7.4,0.6,,,,,,76.7
247,Parris Campbell,Parris Campbell,WR,IND,14,,,,,0,0,0,2,20,10.6,0,71,45,530,11.8,3.6,,,,,,76.7
247,Nico Collins,Nico Collins,WR,HOU,10,,,,,0,0,0,2,11,6.1,0.2,79,45,553,12.3,3.2,,,,,,76.7
250,Jalen Guyton,Jalen Guyton,WR,LAC,7,,,,,0,0,0,4,25,5.8,0.6,60,42,539,12.9,2.7,,,,,,76.3
251,Chatarius Atwell,Chatarius Atwell,WR,LAR,11,,,,,0,0,0,5,26,5.6,0.2,76,46,543,11.9,3,,,,,,76.2
252,Jared Cook,Jared Cook,TE,LAC,7,,,,,0,0,0,0,0,--,0,75,48,520,10.8,4,,,,,,76
252,Gerald Everett,Gerald Everett,TE,SEA,9,,,,,0,0,0,0,2,5,0,68,47,470,10.1,4.8,,,,,,76
254,Giovani Bernard,Giovani Bernard,RB,TB,9,,,,,0,0,0,68,308,4.5,1.6,50,36,262,7.3,1.5,,,,,,75.6
255,Marquez Valdes-Scantling,Marquez Valdes-Scantling,WR,GB,13,,,,,0,0,0,2,14,6.4,0,71,41,549,13.4,3.2,,,,,,75.5
256,Dawson Knox,Dawson Knox,TE,BUF,7,,,,,5,0,0,0,2,4.5,0,65,42,479,11.5,4.5,,,,,,75.2
257,,Houston Texans,DST,HOU,10,,,,,--,--,--,,--,,--,,--,--,,--,11.9,7.4,30.2,2.7,27.5,75
258,Adam Trautman,Adam Trautman,TE,NO,6,,,,,0,0,0,0,0,--,0,64,41,485,11.8,4.4,,,,,,74.9
259,Hayden Hurst,Hayden Hurst,TE,ATL,6,,,,,0,0,0,0,0,--,0,69,50,576,11.5,2.8,,,,,,74.4
260,Wayne Gallman,Wayne Gallman,RB,ATL,6,,,,,0,0,0,112,441,3.9,3.2,16,13,90,6.8,0.3,,,,,,74.1
261,A.J. Green,A.J. Green,WR,ARI,12,,,,,0,0,0,0,0,--,0,74,45,524,11.6,3.6,,,,,,74
262,Anthony McFarland Jr.,Anthony McFarland Jr.,RB,PIT,7,,,,,0,0,0,90,380,4.2,2.2,29,24,170,7,0.9,,,,,,73.6
263,,Cincinnati Bengals,DST,CIN,10,,,,,--,--,--,,--,,--,,--,--,,--,14,7.1,25.4,2.7,27.7,73
264,D'Wayne Eskridge,D'Wayne Eskridge,WR,SEA,9,,,,,0,0,0,5,36,7.8,0,56,39,448,11.6,4.1,,,,,,72.9
265,Rashard Higgins,Rashard Higgins,WR,CLE,13,,,,,0,0,0,0,0,--,0,56,35,554,16,2.9,,,,,,72.8
266,Van Jefferson,Van Jefferson,WR,LAR,11,,,,,0,0,0,2,7,4.1,0,67,44,568,12.8,2.4,,,,,,71.9
267,Amon-Ra St. Brown,Amon-Ra St. Brown,WR,DET,9,,,,,0,0,0,1,4,4,0,74,46,533,11.5,2.9,,,,,,71.1
268,Rashod Bateman,Rashod Bateman,WR,BAL,8,,,,,0,0,0,4,26,6.7,0.2,57,32,424,13,4.1,,,,,,70.8
269,Darius Slayton,Darius Slayton,WR,NYG,10,,,,,0,0,0,1,8,5.8,0.1,76,44,528,12,2.5,,,,,,69.1
270,Quez Watkins,Quez Watkins,WR,PHI,14,,,,,0,0,0,2,16,6.4,0.1,66,37,479,13,3.1,,,,,,68.7
271,Mark Ingram II,Mark Ingram II,RB,HOU,10,,,,,0,0,0,105,407,3.9,2.8,18,11,77,6.9,0.5,,,,,,68.3
271,Benny Snell Jr.,Benny Snell Jr.,RB,PIT,7,,,,,0,0,0,89,363,4.1,3,19,17,116,6.8,0.4,,,,,,68.3
273,Olamide Zaccheaus,Olamide Zaccheaus,WR,ATL,6,,,,,0,0,0,4,12,2.8,0,83,49,490,10,3,,,,,,68.2
273,Darrynton Evans,Darrynton Evans,RB,TEN,13,,,,,0,0,0,73,321,4.4,1.2,37,27,217,8,1.2,,,,,,68.2
275,Blake Jarwin,Blake Jarwin,TE,DAL,7,,,,,0,0,0,0,0,--,0,63,48,470,9.8,3.4,,,,,,67.4
276,Byron Pringle,Byron Pringle,WR,KC,12,,,,,0,0,0,0,0,--,0,57,39,445,11.5,3.8,,,,,,67.3
277,Anthony Firkser,Anthony Firkser,TE,TEN,13,,,,,0,0,0,0,0,--,0,61,39,425,11,4.1,,,,,,67.1
278,T.Y. Hilton,T.Y. Hilton,WR,IND,14,,,,,0,0,0,3,25,8.5,0,61,35,471,13.5,2.7,,,,,,65.7
278,Tony Jones Jr.,Tony Jones Jr.,RB,NO,6,,,,,0,0,0,81,332,4.1,2.4,28,18,139,7.7,0.7,,,,,,65.7
280,Devontae Booker,Devontae Booker,RB,NYG,10,,,,,0,0,0,77,315,4.1,2.4,23,16,112,6.9,1.4,,,,,,65.5
281,Damien Williams,Damien Williams,RB,CHI,10,,,,,0,0,0,77,316,4.1,1.6,35,22,163,7.4,1.3,,,,,,65.3
282,Mo Alie-Cox,Mo Alie-Cox,TE,IND,14,,,,,0,0,0,1,2,1.6,1.1,60,34,347,10.2,3.9,,,,,,65
283,,Las Vegas Raiders,DST,LV,8,,,,,--,--,--,,--,,--,,--,--,,--,10.6,6,24.5,2.2,26.7,64.1
284,Latavius Murray,Latavius Murray,RB,NO,6,,,,,0,0,0,88,343,3.9,2.6,22,16,117,7.1,0.4,,,,,,64
284,Kenneth Gainwell,Kenneth Gainwell,RB,PHI,14,,,,,0,0,0,74,305,4.1,2.1,26,21,167,8,0.7,,,,,,64
286,Cole Kmet,Cole Kmet,TE,CHI,10,,,,,0,0,0,0,0,--,0,66,40,399,10,4,,,,,,63.9
287,Jalen Reagor,Jalen Reagor,WR,PHI,14,,,,,0,0,0,1,5,4.6,0.1,60,34,448,13.1,2.9,,,,,,63.3
288,Cordarrelle Patterson,Cordarrelle Patterson,RB,ATL,6,,,,,0,0,0,74,304,4.1,2.2,33,23,171,7.5,0.4,,,,,,63.2
289,KJ Hamler,KJ Hamler,WR,DEN,11,,,,,0,0,0,6,24,4.3,0,62,33,422,12.8,3,,,,,,62.6
290,Irv Smith Jr.,Irv Smith Jr.,TE,MIN,7,,,,,0,0,0,0,0,--,0,55,39,426,11,3.3,,,,,,62.4
291,Chris Conley,Chris Conley,WR,HOU,10,,,,,0,0,0,4,9,2.3,0.1,69,42,461,10.9,2.4,,,,,,62
292,Marcus Mariota,Marcus Mariota,QB,LV,8,67,103,64.6,7.8,808,4.6,1.7,15,68,4.5,1.1,,0,0,,0,,,,,,60.7
293,Josh Reynolds,Josh Reynolds,WR,TEN,13,,,,,0,0,0,2,11,5.7,0.1,59,37,430,11.7,2.6,,,,,,60.3
294,Tyler Conklin,Tyler Conklin,TE,MIN,7,,,,,0,0,0,0,0,--,0,51,34,386,11.3,3.5,,,,,,59.6
295,Anthony Miller,Anthony Miller,WR,HOU,10,,,,,0,0,0,0,0,--,0,63,38,454,12,2.3,,,,,,59.2
295,Ty Johnson,Ty Johnson,RB,NYJ,6,,,,,0,0,0,88,341,3.9,2.4,18,14,95,6.9,0.2,,,,,,59.2
297,Samaje Perine,Samaje Perine,RB,CIN,10,,,,,0,0,0,67,266,3.9,2,28,21,155,7.3,0.8,,,,,,58.9
298,Jack Doyle,Jack Doyle,TE,IND,14,,,,,0,0,0,0,0,--,0,53,32,385,12,3.3,,,,,,58.3
299,Boston Scott,Boston Scott,RB,PHI,14,,,,,0,0,0,79,303,3.9,2,22,15,118,8.1,0.6,,,,,,57.7
300,Drew Sample,Drew Sample,TE,CIN,10,,,,,0,0,0,0,0,--,0,61,42,408,9.8,2.8,,,,,,57.6
36,Andy Dalton,,QB,CHI,10,80,127,63.3,6.7,848,6.1,4,8,18,2.2,0.1,,,,,,,,,,,52.8
37,Davis Mills,,QB,HOU,10,70,120,57.9,6.4,764,4.2,3.3,18,62,3.4,0.5,,,,,,,,,,,49.9
38,P.J. Walker,,QB,CAR,13,38,63,61,6.7,422,1.9,1.3,18,94,5.3,1.1,,,,,,,,,,,37.8
39,Drew Lock,,QB,DEN,11,42,72,58.6,6.9,501,3.5,2.4,7,26,3.9,0.2,,,,,,,,,,,33.1
40,Jacoby Brissett,,QB,MIA,14,34,52,64,7.1,373,2.2,0.9,14,64,4.8,0.6,,,,,,,,,,,31.9
41,Jacob Eason,,QB,IND,14,34,56,61.2,6.5,362,2.3,1.5,10,31,3.3,0.4,,,,,,,,,,,26.2
42,Kyle Allen,,QB,WAS,9,32,54,60.5,6.5,351,2.1,1.1,4,20,4.7,0.1,,,,,,,,,,,22.9
43,Logan Woodside,,QB,TEN,13,20,34,58,6.9,238,1.5,0.8,8,36,4.3,0.4,,,,,,,,,,,20
44,Cooper Rush,,QB,DAL,7,25,40,62.3,6.9,278,1.4,1,8,27,3.6,0.3,,,,,,,,,,,19.2
45,Mike Glennon,,QB,NYG,10,26,43,61.4,6.5,276,1.5,0.9,6,23,3.8,0.2,,,,,,,,,,,18.7
46,Jordan Love,,QB,GB,13,17,26,65.1,6.9,177,1.3,0.8,17,61,3.6,0.3,,,,,,,,,,,18.5
47,John Wolford,,QB,LAR,11,19,31,60.7,7.1,218,1.4,0.9,5,32,6.2,0.4,,,,,,,,,,,18.1
48,Jarrett Stidham,,QB,NE,14,20,32,61,6.8,220,1.2,0.7,5,20,4,0.4,,,,,,,,,,,16.6
49,Chad Henne,,QB,KC,12,19,30,65.3,7.1,212,1.6,0.7,5,19,3.7,0.2,,,,,,,,,,,16.5
50,Kyle Trask,,QB,TB,9,20,33,62.3,6.5,213,1.9,1.1,3,11,3.2,0.1,,,,,,,,,,,15.6
51,Tyler Huntley,,QB,BAL,8,19,34,55.9,6.5,222,1.2,1.1,7,28,4,0.2,,,,,,,,,,,15.5
52,Mitchell Trubisky,,QB,BUF,7,23,38,61.1,7,264,1.4,1.2,4,2,0.5,0.1,,,,,,,,,,,14.5
53,Mike White,,QB,NYJ,6,16,27,57.6,6.1,163,0.8,0.6,7,35,4.9,0.3,,,,,,,,,,,13.9
54,Josh Rosen,,QB,ATL,6,24,36,68.6,6.7,238,1.4,0.8,1,2,1.9,0,,,,,,,,,,,13.7
55,Joe Flacco,,QB,PHI,14,18,29,63.4,6.4,186,1.2,0.9,4,16,3.5,0.2,,,,,,,,,,,13.6
56,Colt McCoy,,QB,ARI,12,20,30,67,6.5,196,1.2,0.7,5,21,4.5,0,,,,,,,,,,,13.4
57,Brandon Allen,,QB,CIN,10,23,39,60.2,6.2,240,1.2,1,0,0,--,0,,,,,,,,,,,12.4
58,Mason Rudolph,,QB,PIT,7,19,31,61.1,6.1,190,0.9,0.9,6,23,3.9,0.1,,,,,,,,,,,12.3
59,Chase Daniel,,QB,LAC,7,15,25,61.1,6.4,158,1.1,0.6,4,11,2.5,0.2,,,,,,,,,,,11.8
60,David Blough,,QB,DET,9,17,30,57.9,6.1,183,0.9,1.1,4,16,3.7,0.1,,,,,,,,,,,10.9
61,Kellen Mond,,QB,MIN,7,15,24,62.3,7.5,182,1.2,0.7,0,0,--,0,,,,,,,,,,,10.7
62,C.J. Beathard,,QB,JAC,7,13,22,58.4,6.5,143,0.8,0.6,1,6,4.5,0,,,,,,,,,,,8.3
63,Case Keenum,,QB,CLE,13,10,16,60.6,6.7,111,0.7,0.5,4,11,2.9,0.1,,,,,,,,,,,8
63,Geno Smith,,QB,SEA,9,10,16,66.2,7,110,0.8,0.5,2,8,3.8,0.1,,,,,,,,,,,8
65,Nick Foles,,QB,CHI,10,0,0,--,--,0,0,0,0,0,--,0,,,,,,,,,,,0
65,Nathan Peterman,,QB,LV,8,0,0,--,--,0,0,0,0,0,--,0,,,,,,,,,,,0
65,Taylor Heinicke,,QB,WAS,9,0,0,--,--,0,0,0,0,0,--,0,,,,,,,,,,,0
65,Tim Boyle,,QB,DET,9,0,0,--,--,0,0,0,0,0,--,0,,,,,,,,,,,0
65,Chris Streveler,,QB,ARI,12,0,0,--,--,0,0,0,0,0,--,0,,,,,,,,,,,0
65,Easton Stick,,QB,LAC,7,0,0,--,--,0,0,0,0,0,--,0,,,,,,,,,,,0
65,Brett Rypien,,QB,DEN,11,0,0,--,--,0,0,0,0,0,--,0,,,,,,,,,,,0
65,Sam Ehlinger,,QB,IND,14,0,0,--,--,0,0,0,0,0,--,0,,,,,,,,,,,0
,Jerick McKinnon,,RB,KC,12,,,,,,,,61,246,4,2,23,17,122,7.3,1.2,,,,,,56
,DeeJay Dallas,,RB,SEA,9,,,,,,,,45,193,4.3,1.1,34,26,192,7.4,1.5,,,,,,54.1
,Joshua Kelley,,RB,LAC,7,,,,,,,,64,242,3.8,2,25,19,138,7.1,0.6,,,,,,53.6
,Chuba Hubbard,,RB,CAR,13,,,,,,,,52,208,4,1.6,30,21,164,7.9,1.1,,,,,,53.4
,Patrick Ricard,,RB,BAL,8,,,,,,,,56,252,4.5,2.1,15,12,99,8.3,0.5,,,,,,50.7
,Jaret Patterson,,RB,WAS,9,,,,,,,,82,301,3.7,2.2,10,8,55,6.5,0.1,,,,,,49.4
,Tarik Cohen,,RB,CHI,10,,,,,,,,31,118,3.8,0.5,44,33,225,6.8,1.4,,,,,,45.7
,Eno Benjamin,,RB,ARI,12,,,,,,,,49,190,3.9,1.2,28,19,147,7.6,0.8,,,,,,45.7
,Marlon Mack,,RB,IND,14,,,,,,,,59,250,4.3,1.7,14,10,67,6.8,0.2,,,,,,43.2
,Jeff Wilson Jr.,,RB,SF,6,,,,,,,,39,154,3.9,1.3,27,19,145,7.7,0.9,,,,,,43.1
,Jake Funk,,RB,LAR,11,,,,,,,,40,164,4.1,1.5,19,14,102,7.5,1,,,,,,41.6
,Matt Breida,,RB,BUF,7,,,,,,,,38,167,4.4,1.3,19,12,120,10,0.5,,,,,,39.4
,Dare Ogunbowale,,RB,JAC,7,,,,,,,,22,87,3.9,0.7,36,25,202,8.1,1,,,,,,39.1
,Chris Evans,,RB,CIN,10,,,,,,,,33,154,4.6,0.7,25,20,142,7.2,0.8,,,,,,38.6
,Larry Rountree III,,RB,LAC,7,,,,,,,,45,184,4.1,0.9,17,13,100,7.5,0.7,,,,,,38
,Kene Nwangwu,,RB,MIN,7,,,,,,,,16,71,4.4,0.2,28,19,151,7.9,1.7,,,,,,33.6
,Jalen Richard,,RB,LV,8,,,,,,,,20,84,4.1,0.6,26,22,171,7.9,0.5,,,,,,32.1
,J.J. Taylor,,RB,NE,14,,,,,,,,38,161,4.2,1.1,16,10,63,6.2,0.4,,,,,,31.4
,Jermar Jefferson,,RB,DET,9,,,,,,,,36,149,4.2,0.9,12,13,90,6.8,0.3,,,,,,31.1
,D'Ernest Johnson,,RB,CLE,13,,,,,,,,36,161,4.5,1,11,8,62,8.2,0.3,,,,,,30.1
,Justice Hill,,RB,BAL,8,,,,,,,,28,130,4.7,0.8,12,8,65,7.7,0.6,,,,,,27.9
,Kylin Hill,,RB,GB,13,,,,,,,,24,117,4.8,0.6,18,12,104,8.9,0,,,,,,25.7
,Gary Brightwell,,RB,NYG,10,,,,,,,,23,88,3.8,1.2,12,8,52,6.7,0.6,,,,,,24.8
,Brian Hill,,RB,TEN,13,,,,,,,,38,162,4.2,0.4,11,8,55,7.3,0.1,,,,,,24.7
,Royce Freeman,,RB,DEN,11,,,,,,,,18,78,4.4,0.6,20,15,91,6.1,0.4,,,,,,22.9
,JaMycal Hasty,,RB,SF,6,,,,,,,,15,59,3.8,0.5,12,10,72,7.4,0.6,,,,,,19.8
,Trenton Cannon,,RB,CAR,13,,,,,,,,8,36,4.7,0.1,18,10,78,7.6,0.2,,,,,,13.2
,Rico Dowdle,,RB,DAL,7,,,,,,,,11,43,4.1,0.2,6,5,40,7.8,0.2,,,,,,10.8
,Zach Pascal,,WR,IND,14,,,,,,,,3,29,8.8,0,65,37,430,11.5,1.7,,,,,,56.1
,Marquise Goodwin,,WR,CHI,10,,,,,,,,1,8,5.9,0.1,54,30,399,13.3,2.2,,,,,,54.5
,Hunter Renfrow,,WR,LV,8,,,,,,,,6,27,4.9,0.2,55,36,411,11.4,1.4,,,,,,53.4
,Freddie Swain,,WR,SEA,9,,,,,,,,1,12,14.9,0,40,30,338,11.3,2.9,,,,,,52.4
,Adam Humphries,,WR,WAS,9,,,,,,,,2,9,5.4,0,59,35,372,10.6,1.7,,,,,,48.3
,Willie Snead IV,,WR,LV,8,,,,,,,,0,0,0,0,46,26,364,13.9,1.9,,,,,,47.8
,Chad Beebe,,WR,MIN,7,,,,,,,,1,9,6.1,0,51,31,355,11.5,1.9,,,,,,47.8
,Denzel Mims,,WR,NYJ,6,,,,,,,,0,0,--,0,60,34,368,10.9,1.8,,,,,,47.6
,Cedrick Wilson,,WR,DAL,7,,,,,,,,0,0,--,0,45,26,323,12.5,2.4,,,,,,46.7
,Scotty Miller,,WR,TB,9,,,,,,,,2,13,6.1,0.2,37,21,291,13.9,2.3,,,,,,45.3
,Dyami Brown,,WR,WAS,9,,,,,,,,2,9,5.4,0,50,30,376,12.6,1,,,,,,44.5
,Preston Williams,,WR,MIA,14,,,,,,,,2,9,4,0.2,44,28,333,11.8,1.4,,,,,,43.8
,N'Keal Harry,,WR,NE,14,,,,,,,,2,14,7.7,0,40,26,301,11.8,1.9,,,,,,42.9
,Donovan Peoples-Jones,,WR,CLE,13,,,,,,,,3,18,6.2,0.3,34,20,271,13.3,1.9,,,,,,42.1
,James Washington,,WR,PIT,7,,,,,,,,1,4,4.2,0.1,46,25,319,12.6,1.5,,,,,,41.9
,Randall Cobb,,WR,GB,13,,,,,,,,1,6,6.8,0,36,26,277,10.7,1.7,,,,,,38.5
,Mack Hollins,,WR,MIA,14,,,,,,,,4,20,4.5,0.1,34,22,254,11.6,1.7,,,,,,38.3
,Christian Blake,,WR,ATL,6,,,,,,,,1,4,3.9,0,49,30,290,9.8,1.2,,,,,,36.6
,Isaiah McKenzie,,WR,BUF,7,,,,,,,,3,0,0,0,31,20,259,12.8,1.5,,,,,,34.9
,Tim Patrick,,WR,DEN,11,,,,,,,,2,10,5.3,0,39,23,249,10.9,1.4,,,,,,34.3
,Ty Montgomery,,WR,NO,6,,,,,,,,3,19,6.6,0,30,21,238,11.5,1.4,,,,,,34.1
,Andy Isabella,,WR,ARI,12,,,,,,,,1,9,6.1,0,40,26,267,10.5,1.1,,,,,,34.1
,Keelan Cole Sr.,,WR,NYJ,6,,,,,,,,2,9,5.2,0,37,22,262,11.9,1,,,,,,33.1
,Greg Ward,,WR,PHI,14,,,,,,,,0,0,--,0,36,18,236,13.2,1.3,,,,,,31.4
,Auden Tate,,WR,CIN,10,,,,,,,,1,4,4.5,0,43,26,271,10.3,0.6,,,,,,31
,Bisi Johnson,,WR,MIN,7,,,,,,,,0,0,--,0,31,15,213,14,1.5,,,,,,30.3
,Tavon Austin,,WR,JAC,7,,,,,,,,0,0,--,0,33,19,215,11.5,1.4,,,,,,29.9
,Eric Ebron,,TE,PIT,7,,,,,,,,0,0,0,0,60,40,377,9.5,3.3,,,,,,57.5
,Tyler Kroft,,TE,NYJ,6,,,,,,,,0,0,--,0,48,34,376,10.9,3.3,,,,,,57.4
,Dalton Schultz,,TE,DAL,7,,,,,,,,0,0,--,0,58,40,404,10.2,2.6,,,,,,56
,Harrison Bryant,,TE,CLE,13,,,,,,,,0,0,--,0,48,30,312,10.5,3.7,,,,,,53.4
,O.J. Howard,,TE,TB,9,,,,,,,,0,0,--,0,55,33,324,9.9,3.3,,,,,,52.2
,Jimmy Graham,,TE,CHI,10,,,,,,,,0,0,0,0,53,32,337,10.4,2.7,,,,,,49.9
,Foster Moreau,,TE,LV,8,,,,,,,,1,4,4.3,0,33,24,272,11.6,3.3,,,,,,47.4
,Jordan Akins,,TE,HOU,10,,,,,,,,0,0,--,0,57,34,345,10.2,2.1,,,,,,47.1
,Maxx Williams,,TE,ARI,12,,,,,,,,0,0,--,0,42,27,280,10.5,3,,,,,,46
,Johnny Mundt,,TE,LAR,11,,,,,,,,0,0,--,0,35,24,286,11.8,2.8,,,,,,45.4
,Donald Parham Jr.,,TE,LAC,7,,,,,,,,0,0,--,0,34,24,248,10.3,3,,,,,,42.8
,Jace Sternberger,,TE,GB,13,,,,,,,,0,0,--,0,37,26,259,10,2.7,,,,,,42.1
,Pharaoh Brown,,TE,HOU,10,,,,,,,,0,0,--,0,41,26,275,10.4,2.4,,,,,,41.9
,Luke Farrell,,TE,JAC,7,,,,,,,,0,0,--,0,49,30,299,9.8,1.8,,,,,,40.7
,Chris Manhertz,,TE,JAC,7,,,,,,,,0,0,--,0,44,28,304,10.7,1.7,,,,,,40.6
,Will Dissly,,TE,SEA,9,,,,,,,,0,2,--,0,38,25,242,9.5,2.3,,,,,,38.2
,Kyle Rudolph,,TE,NYG,10,,,,,,,,0,0,--,0,41,29,256,8.8,2,,,,,,37.6
,Nick Vannett,,TE,NO,6,,,,,,,,0,0,--,0,31,22,238,11.1,2.2,,,,,,37
,Pat Freiermuth,,TE,PIT,7,,,,,,,,0,0,--,0,40,28,273,9.9,1.5,,,,,,36.3
,Albert Okwuegbunam,,TE,DEN,11,,,,,,,,0,0,--,0,36,24,205,8.7,2.5,,,,,,35.5
,Nick Boyle,,TE,BAL,8,,,,,,,,0,0,--,0,34,24,233,9.9,1.9,,,,,,34.7
,John Bates,,TE,WAS,9,,,,,,,,0,0,--,0,32,20,224,11.1,1.7,,,,,,32.6
,Adam Shaheen,,TE,MIA,14,,,,,,,,0,0,--,0,32,23,215,9.5,1.8,,,,,,32.3
,Tommy Sweeney,,TE,BUF,7,,,,,,,,0,0,--,0,30,18,189,10.2,2.2,,,,,,32.1
,Ross Dwelley,,TE,SF,6,,,,,,,,0,0,--,0,27,20,213,10.9,1.8,,,,,,32.1
,Darrell Daniels,,TE,ARI,12,,,,,,,,0,0,--,0,23,17,196,11.3,1.9,,,,,,30.9
,Geoff Swaim,,TE,TEN,13,,,,,,,,0,0,--,0,29,20,213,10.5,1.4,,,,,,29.7
,Dan Arnold,,TE,CAR,13,,,,,,,,0,0,--,0,31,19,200,10.4,1.6,,,,,,29.7
,Blake Bell,,TE,KC,12,,,,,,,,0,0,--,0,30,20,212,10.7,1.3,,,,,,29
,Darren Fells,,TE,DET,9,,,,,,,,0,0,--,0,30,17,194,11.5,1.5,,,,,,28.4
,Ian Thomas,,TE,CAR,13,,,,,,,,0,0,--,0,27,18,188,10.4,1.6,,,,,,28.4
,C.J. Uzomah,,TE,CIN,10,,,,,,,,0,0,--,0,30,21,191,9.1,1.4,,,,,,27.5
,Trevon Wesco,,TE,NYJ,6,,,,,,,,1,2,2.3,0,30,18,186,10.2,1,,,,,,24.8
,Cameron Brate,,TE,TB,9,,,,,,,,0,0,--,0,29,17,189,11,0.8,,,,,,23.7